asset,total_return,avg_return,volatility,count,sharpe_ratio
AAPL,0.013513513513513598,0.006756756756756799,0.009555497043061512,2,11.224972160321826
